requirement_id	area	decision	owner	gate	state	adr_section	specification	implementation	verification	revision
V2-GOV-001	governance	Every ratified V2 obligation has one stable traceability row with attributable contract, implementation, verification, and revision evidence.	TypeSpec governance	G0	qualified	Required review passes	.history/v2/GOVERNANCE.md	qualification/v2-governance.ts;scripts/check-v2-governance.ts	__tests__/v2-governance.test.ts	-
V2-GOV-002	governance	Material changes to authority, public semantics, trust, compatibility, cutover, deletion, or completion require a consensus-driven accepted revision.	TypeSpec governance	G0	qualified	Required review passes	.history/v2/GOVERNANCE.md;.history/v2/revisions/README.md	qualification/v2-governance.ts;scripts/check-v2-governance.ts	__tests__/v2-governance.test.ts	-
V2-ARC-001	architecture	Specification, analysis, qualification, and presentation remain independent authorities.	TypeSpec architecture	G2	qualified	Four independent authorities	.history/adr/typespec-v2.md;analysis/.spec/architecture.md	analysis/index.ts;repository/index.ts	__tests__/analysis-v2.test.ts;.history/v2/evidence/g2-reviews.md	-
V2-ARC-002	architecture	TypeSpec consumes a presentation-neutral headless semantic-analysis foundation rather than owning generic TypeScript indexing.	Analysis architecture	G2	qualified	Decision	analysis/.spec/api.d.ts;analysis/.spec/architecture.md	analysis/index.ts;repository/index.ts	__tests__/analysis-v2.test.ts;.history/v2/evidence/g2-reviews.md	-
V2-ARC-003	architecture	One package exposes hard extraction-ready public subpath and internal import boundaries.	Package architecture	G2	qualified	Package and module boundaries	.history/adr/typespec-v2.md;analysis/.spec/api.d.ts	package.json;analysis/index.ts;analysis/typescript/index.ts	__tests__/analysis-v2.test.ts;.history/v2/evidence/g2-reviews.md	-
V2-ARC-004	architecture	Production imports obey the ratified acyclic dependency laws with no reverse authority edge.	Package architecture	G2	qualified	Package and module boundaries	analysis/.spec/architecture.md	analysis/index.ts;analysis/typescript/index.ts;repository/index.ts	__tests__/analysis-v2.test.ts;__tests__/architecture.test.ts;.history/v2/evidence/g2-reviews.md	-
V2-ARC-005	architecture	Headless APIs use explicit roots, services, passes, stores, cancellation, disposal, configuration, and immutable results without process or UI side effects.	Analysis API	G2	qualified	Headless API and DX	analysis/.spec/api.d.ts;analysis/protocol/.spec/api.d.ts	analysis/protocol/process-session.ts;analysis/typescript/pipeline.ts;analysis/policy/run.ts	__tests__/analysis-v2.test.ts;.history/v2/evidence/g2-reviews.md	.history/v2/revisions/V2-REV-017.md;.history/v2/revisions/V2-REV-018.md
V2-ANA-001	analysis	An analysis generation is an immutable digest of one exact project universe, source manifest, producer, and capability set.	Analysis core	G2	qualified	Generations and transactions	analysis/generation/.spec/api.d.ts	analysis/generation/model.ts;analysis/typescript/universe-transaction.ts	__tests__/analysis-v2.test.ts;.history/v2/evidence/g2-qualification.md;.history/v2/evidence/ttsc-qualification.json	.history/v2/revisions/V2-REV-010.md;.history/v2/revisions/V2-REV-016.md
V2-ANA-002	analysis	Every fact is namespaced, versioned, generation-pinned, evidence-backed, attributable to its producer, and structurally validated.	Analysis core	G2	qualified	Fact envelope	analysis/facts/.spec/api.d.ts	analysis/facts/model.ts;analysis/internal/state.ts	__tests__/analysis-v2.test.ts;.history/v2/evidence/g2-qualification.md	-
V2-ANA-003	analysis	Completeness distinguishes complete, partial, and unavailable; missing evidence never becomes a negative fact.	Analysis core	G2	qualified	Completeness	analysis/facts/.spec/api.d.ts;analysis/policy/.spec/api.d.ts	analysis/facts/model.ts;analysis/policy/run.ts	__tests__/analysis-v2.test.ts;.history/v2/evidence/g2-qualification.md	-
V2-ANA-004	analysis	Universe, source, source revision, symbol, occurrence, and fact identities have distinct explicit stability promises and never include checkout-local absolute paths.	Analysis identity	G2	qualified	Identity	analysis/identity/.spec/api.d.ts;analysis/.spec/laws/foundation.ts;analysis/typescript/.spec/laws/semantics.ts	analysis/identity/model.ts;analysis/typescript/native/session.go;analysis/typescript/native/extract.go	__tests__/analysis-v2.test.ts;qualification/v2/extension/qualify.ts;.history/v2/evidence/g2-qualification.md;.history/v2/evidence/ttsc-qualification.json	.history/v2/revisions/V2-REV-002.md;.history/v2/revisions/V2-REV-010.md;.history/v2/revisions/V2-REV-016.md
V2-ANA-005	analysis	Repository queries pin an atomic snapshot set containing the exact inventory revision and generation for every included project universe.	Analysis query	G2	qualified	Atomic generation lifecycle	analysis/query/.spec/api.d.ts	analysis/query/model.ts;analysis/internal/state.ts;analysis/memory/store.ts;analysis/sqlite/query/snapshot-set.ts;application/analysis/workspace.ts	__tests__/analysis-v2.test.ts;__tests__/application-checkpoint.test.ts;.history/v2/evidence/g2-qualification.md	.history/v2/revisions/V2-REV-013.md;.history/v2/revisions/V2-REV-017.md;.history/v2/revisions/V2-REV-018.md;.history/v2/revisions/V2-REV-027.md
V2-ANA-006	analysis	Versioned native and portable pass manifests form a capability-aware acyclic dependency graph.	Analysis passes	G2	qualified	Pass and policy model	analysis/pass/.spec/api.d.ts	analysis/pass/model.ts;analysis/pass/runner.ts	__tests__/analysis-v2.test.ts;.history/v2/evidence/g2-qualification.md	.history/v2/revisions/V2-REV-016.md
V2-ANA-007	analysis	Incremental invalidation includes body and derived-fact dependencies, carries unaffected portable shards without reload or rewrite, and is differentially equivalent to a cold build.	Analysis invalidation	G2	qualified	Invalidation	analysis/typescript/.spec/api.d.ts;analysis/pass/.spec/api.d.ts;analysis/pass/.spec/laws/invalidation.ts;application/change/.spec/api.d.ts	analysis/typescript/pipeline.ts;analysis/typescript/native/session.go;analysis/typescript/universe-transaction.ts;analysis/pass/runner.ts;application/change/index.ts;application/observation/materialize.ts	__tests__/analysis-v2.test.ts;__tests__/application-change.test.ts;__tests__/repository-statistics-incremental.test.ts;qualification/v2/ttsc/qualify.ts;.history/v2/evidence/ttsc-qualification.json	.history/v2/revisions/V2-REV-010.md;.history/v2/revisions/V2-REV-013.md;.history/v2/revisions/V2-REV-016.md;.history/v2/revisions/V2-REV-027.md
V2-ANA-008	analysis	Optional pass failures commit explicit unavailable completion while mandatory, protocol, base, validation, or commit failures abort atomically.	Analysis lifecycle	G2	qualified	Pass and policy model	analysis/pass/.spec/api.d.ts;analysis/generation/.spec/api.d.ts	analysis/pass/runner.ts;analysis/typescript/pipeline.ts;analysis/internal/state.ts	__tests__/analysis-v2.test.ts;.history/v2/evidence/g2-qualification.md	-
V2-ANA-009	analysis	Policies consume immutable portable facts and emit qualification diagnostics without mutating the fact generation.	Analysis policy	G2	qualified	Pass and policy model	analysis/policy/.spec/api.d.ts	analysis/policy/model.ts;analysis/policy/run.ts	__tests__/analysis-v2.test.ts;.history/v2/evidence/g2-reviews.md	.history/v2/revisions/V2-REV-013.md;.history/v2/revisions/V2-REV-017.md
V2-ANA-010	analysis	Capability completeness is derived from every declared providing output shard and never inferred from capability and namespace name equality.	Analysis passes	G2	qualified	Pass and policy model	analysis/facts/.spec/api.d.ts;analysis/pass/.spec/api.d.ts;analysis/pass/.spec/laws/invalidation.ts	analysis/pass/runner.ts;analysis/internal/state.ts;analysis/sqlite/materialization/write.ts	__tests__/analysis-v2.test.ts	.history/v2/revisions/V2-REV-013.md
V2-ANA-011	analysis	A rule-scoped policy reports exact selected evidence completeness and incomplete selected evidence cannot produce pass or fail.	Analysis policy	G2	qualified	Pass and policy model	analysis/policy/.spec/api.d.ts;analysis/policy/.spec/laws/evaluation.ts	analysis/policy/model.ts;analysis/policy/run.ts	__tests__/analysis-v2.test.ts	.history/v2/revisions/V2-REV-013.md
V2-ANA-012	analysis	Requested native capabilities form a demand-driven projection plan whose emitted namespaces preserve exact portable identity across shallow and deep generations while unrequested semantic projectors do no work.	TypeScript projection	G6	qualified	Invalidation	analysis/typescript/.spec/architecture.md;analysis/typescript/.spec/laws/semantics.ts	analysis/typescript/native/projection.go;analysis/typescript/native/extract.go;analysis/typescript/native/session.go	qualification/v2/experiments/projection-plan.ts;qualification/v2/experiments/projection-project.ts;qualification/v2/experiments/qualify-projection.ts;.history/v2/evidence/demand-driven-projection.json	.history/v2/revisions/V2-REV-016.md;.history/v2/revisions/V2-REV-022.md
V2-ANA-013	analysis	Generation-pinned queries discover payload-free fact headers through the same filters, ordering, and identities as hydrated facts, then selectively hydrate exact requested payloads without touching unselected physical blocks; exact filtered totals are computed only when explicitly requested.	Analysis query	G6	qualified	Headless API and DX	analysis/query/.spec/api.d.ts;analysis/query/.spec/laws/hydration.ts;analysis/sqlite/.spec/laws/materialization.ts	analysis/facts/model.ts;analysis/internal/state.ts;analysis/sqlite/query/pinned.ts;analysis/sqlite/limits.ts;analysis/pass/runner.ts	__tests__/analysis-v2.test.ts	.history/v2/revisions/V2-REV-017.md;.history/v2/revisions/V2-REV-018.md;.history/v2/revisions/V2-REV-023.md
V2-ANA-014	analysis	Compiler-proven private edits reproject only affected semantic module owners while exact retained outbound edges reconstruct cross-owner inbound closure; source-revision, dependency, public-shape, global-diagnostic, topology, configuration, plugin, or uncertain changes conservatively expand.	TypeScript invalidation	G6	qualified	Invalidation	analysis/typescript/.spec/architecture.md;analysis/typescript/.spec/laws/semantics.ts	analysis/typescript/native/session.go;analysis/typescript/native/incremental_projection.go;analysis/typescript/native/module.go	qualification/v2/experiments/affected-shards.ts;qualification/v2/experiments/affected-project.ts;qualification/v2/experiments/qualify-affected.ts;.history/v2/evidence/affected-shard-qualification.json	.history/v2/revisions/V2-REV-019.md;.history/v2/revisions/V2-REV-021.md
V2-TS-001	typescript	The selected compiler substrate is ttsc and TypeScript-Go, qualified before production dependency.	TypeScript adapter	G1	qualified	ttsc integration and ownership	.history/adr/typespec-v2.md	analysis/typescript/ttsc/native.ts;qualification/v2/ttsc/qualify.ts	.history/v2/evidence/ttsc-qualification.json	.history/v2/revisions/V2-REV-010.md
V2-TS-002	typescript	The implementation pins exact ttsc, native binary, protocol, and TypeScript-Go revisions and treats upgrades as qualification events.	TypeScript adapter	G1	qualified	ttsc integration and ownership	.history/adr/typespec-v2.md	analysis/typescript/ttsc/native.ts;qualification/v2/ttsc/toolchain.json	.history/v2/evidence/ttsc-qualification.json	.history/v2/revisions/V2-REV-010.md
V2-TS-003	typescript	Compiler-near extraction runs in trusted Go while reusable derivation and policy run over portable facts in TypeScript.	TypeScript adapter	G2	qualified	Decision	analysis/typescript/.spec/architecture.md	analysis/typescript/native/main.go;analysis/typescript/value/evaluator.ts;analysis/policy/run.ts	.history/v2/evidence/ttsc-qualification.json;.history/v2/evidence/g2-reviews.md	-
V2-TS-004	typescript	Base TypeScript facts preserve every relevant import, export, access, construction, render, call, and other declared occurrence.	TypeScript facts	G2	qualified	TypeScript semantic facts	analysis/typescript/.spec/api.d.ts	analysis/typescript/native/extract.go;analysis/typescript/native/body.go	qualification/v2/ttsc/qualify.ts;.history/v2/evidence/ttsc-qualification.json	.history/v2/revisions/V2-REV-002.md
V2-TS-005	typescript	Function bodies are exposed as a structured portable bounded IR rather than raw compiler AST nodes.	TypeScript body analysis	G2	qualified	Structured bounded body IR	analysis/typescript/body/.spec/api.d.ts	analysis/typescript/body/model.ts;analysis/typescript/native/body.go	__tests__/analysis-v2.test.ts;.history/v2/evidence/ttsc-qualification.json	-
V2-TS-006	typescript	The portable body IR contains per-function control-flow blocks and explicit branch, loop, exceptional, return, and fallthrough edges.	TypeScript body analysis	G2	qualified	Structured bounded body IR	analysis/typescript/body/.spec/api.d.ts	analysis/typescript/native/cfg.go;analysis/typescript/body/model.ts	qualification/v2/ttsc/qualify.ts;.history/v2/evidence/ttsc-qualification.json	-
V2-TS-007	typescript	The portable body IR contains definitions, uses, assignments, and conservative reaching relationships.	TypeScript body analysis	G2	qualified	Structured bounded body IR	analysis/typescript/body/.spec/api.d.ts	analysis/typescript/native/body.go;analysis/typescript/body/model.ts	qualification/v2/ttsc/qualify.ts;.history/v2/evidence/ttsc-qualification.json	-
V2-TS-008	typescript	Resolved calls retain receiver, signature, type arguments, argument occurrences, parameter binding, callbacks, and occurrence evidence.	TypeScript body analysis	G2	qualified	Structured bounded body IR	analysis/typescript/body/.spec/api.d.ts	analysis/typescript/native/body.go;analysis/typescript/body/model.ts	qualification/v2/ttsc/qualify.ts;.history/v2/evidence/ttsc-qualification.json;.history/v2/evidence/demand-driven-projection.json	.history/v2/revisions/V2-REV-022.md
V2-TS-009	typescript	Interprocedural reasoning is summary-based, bounded, provenance-bearing, and explicit at recursion and dynamic escape points.	TypeScript derivation	G2	qualified	Structured bounded body IR	analysis/typescript/body/.spec/api.d.ts;analysis/typescript/value/.spec/api.d.ts	analysis/typescript/native/body.go;analysis/typescript/value/evaluator.ts	__tests__/analysis-v2.test.ts;.history/v2/evidence/ttsc-qualification.json	-
V2-TS-010	typescript	Bounded value evaluation returns exactly known, unknown, ambiguous, or unsupported with evidence and the exact effective governed limits.	TypeScript value analysis	G2	qualified	Value results	analysis/typescript/value/.spec/api.d.ts	analysis/typescript/value/evaluator.ts;analysis/typescript/value/limits.ts;analysis/typescript/native/body.go	__tests__/analysis-v2.test.ts;.history/v2/evidence/ttsc-qualification.json	.history/v2/revisions/V2-REV-013.md
V2-TS-011	typescript	Portable consumers never receive live Go AST, Checker, compiler pointer, native wire, or ad hoc synchronous Checker RPC access.	TypeScript adapter	G2	qualified	ttsc integration and ownership	analysis/typescript/.spec/api.d.ts;analysis/typescript/.spec/architecture.md	analysis/typescript/model.ts;analysis/protocol/model.ts	__tests__/analysis-v2.test.ts;.history/v2/evidence/g2-reviews.md	-
V2-TS-012	typescript	Missing ttsc seams are pursued upstream first; fallback ownership is a narrow visible fork and never a silent second checker.	TypeScript maintenance	G1	qualified	ttsc integration and ownership	.history/adr/typespec-v2.md	qualification/v2/ttsc/fixtures/adversarial/body-plugin/main.go	.history/v2/evidence/g1-qualification.md	-
V2-TS-013	typescript	Ordinary package consumers receive qualified built native binaries and do not require Go.	TypeScript release	G6	qualified	ttsc integration and ownership	analysis/typescript/distribution/.spec/api.d.ts;analysis/typescript/distribution/.spec/laws/release.ts	analysis/typescript/distribution/resolve.ts;scripts/native/assemble.mjs;scripts/native/assert-release.mjs	.github/workflows/native-release.yml;qualification/v2/release/packed-consumer.mjs;.history/v2/evidence/g6-qualification.md	.history/v2/revisions/V2-REV-015.md
V2-TS-014	typescript	A deduplicated module dependency has content-derived logical identity independent of traversal order and retains every contributing syntax or public-type occurrence as canonically ordered evidence.	TypeScript facts	G4	qualified	TypeScript semantic facts	analysis/typescript/.spec/api.d.ts;analysis/typescript/.spec/laws/semantics.ts	analysis/typescript/model.ts;analysis/typescript/native/dependency.go;conformance/module/profile.ts	qualification/v2/ttsc/qualify.ts;__tests__/conformance-v2.test.ts;.history/v2/evidence/g4-module-parity.json	.history/v2/revisions/V2-REV-002.md;.history/v2/revisions/V2-REV-009.md;.history/v2/revisions/V2-REV-012.md
V2-TS-015	typescript	Canonical public type facts preserve authored aliases and algebraic structure, resolve semantic targets and substitutions through ttsc, represent supported TypeScript intrinsics losslessly, and identify platform symbols without compiler byte offsets.	TypeScript facts	G4	qualified	TypeScript semantic facts	analysis/typescript/surface/.spec/api.d.ts;analysis/typescript/.spec/laws/semantics.ts	analysis/typescript/native/surface_type.go;analysis/typescript/native/module.go	qualification/v2/ttsc/qualify.ts;.history/v2/evidence/g4-module-parity.json	.history/v2/revisions/V2-REV-003.md;.history/v2/revisions/V2-REV-007.md;.history/v2/revisions/V2-REV-009.md;.history/v2/revisions/V2-REV-012.md
V2-TS-016	typescript	Public API dependency closure includes every checker-resolved declaration reachable from an exported declaration, including platform and transitive workspace owners omitted by V1 traversal; partial type representation never erases independently resolved ownership.	TypeScript facts	G4	qualified	TypeScript semantic facts	analysis/typescript/.spec/api.d.ts;analysis/typescript/.spec/laws/semantics.ts	analysis/typescript/native/dependency.go	qualification/v2/ttsc/qualify.ts;__tests__/conformance-v2.test.ts;.history/v2/evidence/g4-module-parity.json	.history/v2/revisions/V2-REV-005.md;.history/v2/revisions/V2-REV-009.md;.history/v2/revisions/V2-REV-012.md;.history/v2/revisions/V2-REV-014.md
V2-TS-017	typescript	Public declaration identity uses portable source ownership and qualified authored symbol paths without compiler byte offsets, and remains stable when unrelated text is inserted before the declaration.	TypeScript facts	G4	qualified	TypeScript semantic facts	analysis/typescript/surface/.spec/api.d.ts;analysis/typescript/.spec/laws/semantics.ts	analysis/typescript/native/surface_identity.go	qualification/v2/ttsc/qualify.ts;__tests__/analysis-v2.test.ts;.history/v2/evidence/g4-module-parity.json	.history/v2/revisions/V2-REV-005.md;.history/v2/revisions/V2-REV-014.md
V2-TS-018	typescript	Package ownership resolves to the nearest named manifest and walks past nameless nested package metadata without leaking physical package-manager paths.	TypeScript facts	G4	qualified	TypeScript semantic facts	analysis/typescript/.spec/laws/semantics.ts	analysis/typescript/native/module.go;analysis/typescript/native/dependency.go	qualification/v2/ttsc/qualify.ts;__tests__/analysis-v2.test.ts;.history/v2/evidence/g4-module-parity.json	.history/v2/revisions/V2-REV-005.md;.history/v2/revisions/V2-REV-014.md
V2-TS-019	typescript	Export facts retain the originating external package across local barrel forwarding while declaration identity resolves to the canonical Checker target.	TypeScript facts	G4	qualified	TypeScript semantic facts	analysis/typescript/surface/.spec/api.d.ts;analysis/typescript/.spec/laws/semantics.ts	analysis/typescript/native/surface_export.go	qualification/v2/ttsc/qualify.ts;__tests__/analysis-v2.test.ts;.history/v2/evidence/g4-module-parity.json	.history/v2/revisions/V2-REV-005.md;.history/v2/revisions/V2-REV-014.md
V2-TS-020	typescript	Duplicate error-code provenance is selected in portable lexical source order and is independent of compiler source traversal order.	TypeScript facts	G4	qualified	TypeScript semantic facts	analysis/typescript/.spec/api.d.ts;analysis/typescript/.spec/laws/semantics.ts	analysis/typescript/native/dependency.go	qualification/v2/ttsc/qualify.ts;.history/v2/evidence/g4-module-parity.json	.history/v2/revisions/V2-REV-005.md;.history/v2/revisions/V2-REV-014.md
V2-TS-021	typescript	The qualified TypeScript-Go resolver owns the exact declaration file selected for a module specifier; package ownership is portable but provider-file provenance is never rewritten to imitate V1.	TypeScript facts	G4	qualified	TypeScript semantic facts	analysis/typescript/.spec/api.d.ts;analysis/typescript/.spec/laws/semantics.ts	analysis/typescript/native/dependency.go	qualification/v2/ttsc/qualify.ts;__tests__/analysis-v2.test.ts;.history/v2/evidence/g4-module-parity.json	.history/v2/revisions/V2-REV-006.md;.history/v2/revisions/V2-REV-014.md
V2-TS-022	typescript	Observation issues retain exact code, message, native source location, stable declaration provenance, and observed values; supported lossless surface shapes do not emit obsolete unsupported diagnostics.	TypeScript facts	G4	qualified	TypeScript semantic facts	analysis/typescript/.spec/api.d.ts;analysis/typescript/.spec/laws/semantics.ts	analysis/typescript/native/module.go;analysis/typescript/native/surface_type.go	qualification/v2/ttsc/qualify.ts;__tests__/analysis-v2.test.ts;.history/v2/evidence/g4-module-parity.json	.history/v2/revisions/V2-REV-006.md;.history/v2/revisions/V2-REV-007.md;.history/v2/revisions/V2-REV-009.md;.history/v2/revisions/V2-REV-012.md;.history/v2/revisions/V2-REV-014.md
V2-TS-023	typescript	Downstream TypeScript consumers use a generation-pinned typed reader that admits namespace, schema, and portable payload shape instead of casting generic facts.	TypeScript facts	G6	qualified	TypeScript semantic facts	analysis/typescript/facts/.spec/api.d.ts;analysis/typescript/facts/.spec/laws/admission.ts	analysis/typescript/facts/reader.ts;analysis/typescript/facts/validate.ts	__tests__/analysis-v2.test.ts	.history/v2/revisions/V2-REV-013.md
V2-STO-001	persistence	Memory and SQLite implement and pass the same analysis store and query contracts.	Analysis persistence	G4	qualified	Materialization	analysis/query/.spec/api.d.ts;analysis/sqlite/.spec/laws/materialization.ts	analysis/memory/store.ts;analysis/sqlite/store.ts	__tests__/analysis-v2.test.ts;qualification/v2/materialization/qualify.ts;.history/v2/evidence/sqlite-qualification.json	.history/v2/revisions/V2-REV-008.md;.history/v2/revisions/V2-REV-017.md;.history/v2/revisions/V2-REV-018.md;.history/v2/revisions/V2-REV-023.md
V2-STO-002	persistence	A complete validated fact transaction becomes visible atomically or not at all while existing queries remain generation-pinned.	Analysis persistence	G2	qualified	Atomic generation lifecycle	analysis/query/.spec/api.d.ts;analysis/generation/.spec/api.d.ts	analysis/internal/state.ts;analysis/memory/store.ts;analysis/sqlite/store.ts	__tests__/analysis-v2.test.ts;.history/v2/evidence/g2-reviews.md	-
V2-STO-003	persistence	SQLite serializes writers across processes and retains current, previous, and actively leased generations safely.	SQLite materializer	G4	qualified	SQLite policy	analysis/sqlite/.spec/api.d.ts;analysis/sqlite/.spec/laws/materialization.ts	analysis/sqlite/lifecycle/leases.ts;analysis/sqlite/lifecycle/retention.ts;analysis/sqlite/store.ts	__tests__/analysis-v2.test.ts;.history/v2/evidence/sqlite-qualification.json	.history/v2/revisions/V2-REV-008.md
V2-STO-004	persistence	Store namespaces isolate repository instance, universe, producer, and worktree without sacrificing portable fact identities.	SQLite materializer	G4	qualified	SQLite policy	analysis/sqlite/.spec/architecture.md;analysis/sqlite/.spec/laws/materialization.ts	analysis/sqlite/schema/schema.ts;analysis/sqlite/store.ts	__tests__/analysis-v2.test.ts;.history/v2/evidence/sqlite-qualification.json	.history/v2/revisions/V2-REV-008.md
V2-STO-005	persistence	Caches are regenerable evidence, store no source bodies by default, and display source only after digest equality.	Analysis persistence	G4	qualified	SQLite policy	analysis/sqlite/.spec/architecture.md;analysis/source/.spec/laws/integrity.ts	analysis/sqlite/schema/integrity.ts;analysis/source/verify.ts	__tests__/analysis-v2.test.ts;.history/v2/evidence/sqlite-qualification.json	.history/v2/revisions/V2-REV-008.md
V2-STO-006	persistence	Unavailable persistence falls back to memory only when advisory; durable-store requirements fail explicitly.	Analysis persistence	G4	qualified	SQLite policy	analysis/sqlite/.spec/api.d.ts	analysis/store-selection.ts	__tests__/analysis-v2.test.ts	-
V2-STO-007	persistence	The production SQLite representation normalizes immutable generations, content-addressed shards, indexed fact envelopes, evidence, and inputs without whole-generation snapshot JSON; the interactive default independently addresses selected payloads.	SQLite materializer	G4	qualified	Codegraph integration decision gate	analysis/sqlite/.spec/architecture.md;analysis/sqlite/.spec/laws/materialization.ts	analysis/sqlite/schema/schema.ts;analysis/sqlite/materialization/write.ts;analysis/sqlite/query/pinned.ts;analysis/sqlite/limits.ts	__tests__/analysis-v2.test.ts;qualification/v2/materialization/qualify.ts;.history/v2/evidence/codegraph-spike.json;.history/v2/evidence/sqlite-qualification.json	.history/v2/revisions/V2-REV-008.md;.history/v2/revisions/V2-REV-017.md;.history/v2/revisions/V2-REV-018.md;.history/v2/revisions/V2-REV-023.md
V2-REP-001	repository	Repository inventory is independent of TypeScript project membership and owns portable file, ownership, Git, and classification evidence.	Repository analysis	G2	qualified	Repository analysis and filtering	repository/.spec/api.d.ts;repository/.spec/architecture.md	repository/model.ts;repository/index.ts	__tests__/analysis-v2.test.ts;.history/v2/evidence/g2-reviews.md	-
V2-REP-002	repository	Purpose, provenance, lifecycle, and delivery classifications remain independent and retain their rule evidence.	Repository analysis	G2	qualified	Repository analysis and filtering	repository/.spec/api.d.ts	repository/model.ts;repository/index.ts	__tests__/analysis-v2.test.ts;.history/v2/evidence/g2-qualification.md	-
V2-REP-003	repository	Implementation, tests, fixtures, generated files, evidence, assets, and unknown files remain observable; filters select queries rather than deleting facts.	Repository analysis	G2	qualified	Repository analysis and filtering	repository/.spec/api.d.ts	repository/model.ts;repository/index.ts	__tests__/analysis-v2.test.ts;.history/v2/evidence/g2-qualification.md	-
V2-REP-004	repository	Each tsconfig or project reference remains a distinct project universe and cross-universe facts are never conflated.	Repository analysis	G2	qualified	Repository analysis and filtering	repository/.spec/api.d.ts;analysis/typescript/.spec/api.d.ts	repository/model.ts;analysis/typescript/model.ts;analysis/typescript/native/session.go	qualification/v2/ttsc/qualify.ts;.history/v2/evidence/ttsc-qualification.json	.history/v2/revisions/V2-REV-010.md;.history/v2/revisions/V2-REV-016.md
V2-REP-005	repository	Repository statistics retain immutable per-file byte and line facts plus orthogonal language, package, area, purpose, provenance, lifecycle, delivery, and deepest-root ownership projections.	Repository statistics	G5	qualified	Repository analysis and filtering	repository/statistics/.spec/api.d.ts;repository/statistics/.spec/laws/statistics.ts	repository/statistics/analyze.ts;repository/statistics/aggregate.ts;repository/statistics/grouping.ts	__tests__/repository-statistics.test.ts	.history/v2/revisions/V2-REV-013.md
V2-REP-006	repository	Repository source reads verify original bytes against the inventory, distinguish text from binary, retain binary byte totals without line claims, and bound UTF-8 reads explicitly.	Repository source	G5	qualified	Repository analysis and filtering	repository/.spec/api.d.ts;repository/source/.spec/api.d.ts;repository/statistics/.spec/laws/statistics.ts	repository/model.ts;repository/source/service.ts;source/file.ts;repository/statistics/analyze.ts	__tests__/repository-statistics.test.ts	.history/v2/revisions/V2-REV-013.md
V2-APP-001	application	One headless application refresh composes a coherent inventory, normative corpus, repository statistics, analysis snapshot set, observation facts, and qualifications without becoming semantic authority.	Codegraph application	G5	qualified	Application composition	application/.spec/api.d.ts;application/.spec/architecture.md;workspace/.spec/architecture.md	application/service.ts;application/snapshot/create.ts;application/checkpoint/checkpoint.ts;application/node/inventory.ts	__tests__/application-v2.test.ts;__tests__/application-checkpoint.test.ts;__tests__/application-node-inventory.test.ts;.history/v2/evidence/g5-qualification.md	.history/v2/revisions/V2-REV-013.md;.history/v2/revisions/V2-REV-024.md;.history/v2/revisions/V2-REV-027.md
V2-APP-002	application	Application readers lease one exact retained snapshot, inventory, and analysis generation set until disposal; portable identity excludes roots and timings; unchanged semantic requests reuse only the same inventory-pinned immutable corpus.	Codegraph application	G5	qualified	Application composition	application/.spec/api.d.ts;application/.spec/architecture.md;application/snapshot/.spec/api.d.ts;application/checkpoint/.spec/api.d.ts	application/service.ts;application/snapshot/create.ts;application/snapshot/coherence.ts;application/checkpoint/checkpoint.ts;application/node/inventory.ts	__tests__/application-v2.test.ts;__tests__/application-checkpoint.test.ts;__tests__/application-node-inventory.test.ts;.history/v2/evidence/g5-qualification.md	.history/v2/revisions/V2-REV-013.md;.history/v2/revisions/V2-REV-024.md;.history/v2/revisions/V2-REV-027.md
V2-APP-003	application	Full application selection is authoritative while focused selection records requested, primary, selected, support, included, and optional dependent closure as advisory.	Codegraph application	G5	qualified	Application composition	application/.spec/api.d.ts;application/selection/.spec/api.d.ts	application/selection/select.ts;application/service.ts	__tests__/application-v2.test.ts;.history/v2/evidence/g5-qualification.md	.history/v2/revisions/V2-REV-013.md;.history/v2/revisions/V2-REV-024.md
V2-APP-004	application	Layout, resolved-test, schema-dependency, presentation-context, and explicit module-binding observations remain separate versioned facts outside normative specification snapshots.	Codegraph observations	G5	qualified	Application composition	application/observation/.spec/api.d.ts;application/observation/.spec/architecture.md;analysis/binding/.spec/api.d.ts;specification/.spec/laws/authority.ts	application/observation/materialize.ts;compiler/application-binding.ts;compiler/application-binding-process.optimization.ts;application/observation/schema-dependency.ts	__tests__/application-v2.test.ts;__tests__/application-change.test.ts;__tests__/application-binding.test.ts;.history/v2/evidence/g5-qualification.md	.history/v2/revisions/V2-REV-013.md;.history/v2/revisions/V2-REV-027.md;.history/v2/revisions/V2-REV-029.md
V2-APP-005	application	Editing, reveal, and on-demand qualification transports require an admitted application generation and exact source revision.	Codegraph interactions	G5	qualified	Application composition	application/interaction/.spec/api.d.ts;application/interaction/.spec/architecture.md	application/interaction/editing.ts;application/interaction/reveal.ts;application/interaction/qualification.ts;server/catalog-checkpoint.ts	__tests__/analysis-v2.test.ts;__tests__/dev.test.ts;__tests__/catalog-transport.test.ts;.history/v2/evidence/g5-qualification.md	.history/v2/revisions/V2-REV-013.md;.history/v2/revisions/V2-REV-027.md
V2-SPC-001	specification	.spec/api.d.ts remains the required convention anchor and the authoring language remains closed and statically compiled.	Specification compiler	G3	qualified	TypeSpec authoring and language audit	specification/.spec/api.d.ts;specification/.spec/laws/authority.ts	specification/module/inventory.ts;specification/snapshot/compile.ts	__tests__/specification-snapshot.test.ts;.history/v2/evidence/specification-audit.json	-
V2-SPC-002	specification	Every current authoring artifact receives an explicit semantic-owner disposition before migration.	Specification language	G3	qualified	TypeSpec authoring and language audit	specification/.spec/architecture.md	specification/snapshot/compile.ts;qualification/v2/history/evidence.ts	.history/v2/evidence/specification-audit.json;.history/v2/evidence/g3-reviews.md	.history/v2/revisions/V2-REV-012.md;.history/v2/revisions/V2-REV-014.md
V2-SPC-003	specification	Descriptor extraction resolves actual imported authoring-helper identity and never imports or executes repository modules.	Specification compiler	G3	qualified	TypeSpec authoring and language audit	specification/.spec/laws/authority.ts	specification/module/authoring-syntax.ts;specification/module/descriptor.ts;specification/snapshot/resources.ts	__tests__/specification-snapshot.test.ts;.history/v2/evidence/g3-reviews.md	-
V2-SPC-004	specification	Specification compilation produces one immutable normative SpecificationSnapshot without implementation or UI observations.	Specification compiler	G3	qualified	Normative specification	specification/.spec/api.d.ts;specification/.spec/architecture.md	specification/snapshot/model.ts;specification/snapshot/compile.ts	__tests__/specification-snapshot.test.ts;.history/v2/evidence/specification-audit.json	-
V2-SPC-005	specification	Authored tests, layout, APIs, and other promises remain separate from observed and qualified evidence.	Specification model	G3	qualified	TypeSpec authoring and language audit	specification/.spec/api.d.ts;specification/.spec/laws/authority.ts	specification/snapshot/model.ts;specification/snapshot/resources.ts	__tests__/specification-snapshot.test.ts;.history/v2/revisions/V2-REV-001.md	.history/v2/revisions/V2-REV-001.md
V2-CON-001	conformance	Conformance consumes one immutable specification snapshot and one exact analysis snapshot set and emits an immutable qualification snapshot.	Conformance	G4	qualified	Conformance and policy	conformance/.spec/api.d.ts;conformance/.spec/laws/qualification.ts	conformance/qualify.ts;conformance/module/profile.ts	__tests__/conformance-v2.test.ts;__tests__/application-qualification-incremental.test.ts;.history/v2/evidence/g4-conformance.json;.history/v2/evidence/g4-module-parity.json	.history/v2/revisions/V2-REV-002.md;.history/v2/revisions/V2-REV-009.md;.history/v2/revisions/V2-REV-012.md;.history/v2/revisions/V2-REV-027.md;.history/v2/revisions/V2-REV-029.md
V2-CON-002	conformance	Unavailable required evidence produces explicit indeterminate or error outcomes and never fabricated mismatch or success.	Conformance	G4	qualified	Conformance and policy	conformance/.spec/api.d.ts;conformance/.spec/laws/qualification.ts	conformance/qualify.ts;conformance/module/profile.ts	__tests__/conformance-v2.test.ts;.history/v2/evidence/g4-conformance.json	.history/v2/revisions/V2-REV-009.md;.history/v2/revisions/V2-REV-012.md
V2-CON-003	conformance	Focused qualification changes work and reporting scope while preserving required contract closure and full-CI authority.	Conformance	G4	qualified	Conformance and policy	conformance/.spec/api.d.ts;conformance/.spec/laws/qualification.ts	conformance/plan.ts;conformance/qualify.ts;application/service.ts	__tests__/conformance-v2.test.ts;__tests__/application-qualification-incremental.test.ts;.history/v2/evidence/g4-reviews.md	.history/v2/revisions/V2-REV-027.md
V2-CON-004	conformance	CLI, JSON, HTTP, catalog, and viewer outputs are deterministic versioned projections rather than semantic authorities.	Presentation	G5	qualified	Presentation projection	application/.spec/api.d.ts;conformance/.spec/api.d.ts;workspace/checkpoint/.spec/architecture.md	cli/application.ts;server/application-catalog.ts;server/application.ts;server/catalog-checkpoint.ts;viewer-host/specification.ts	__tests__/cli-v2.test.ts;__tests__/dev.test.ts;__tests__/catalog-transport.test.ts;__tests__/package.test.ts;.history/v2/evidence/g5-qualification.md	.history/v2/revisions/V2-REV-013.md;.history/v2/revisions/V2-REV-024.md;.history/v2/revisions/V2-REV-027.md
V2-CON-005	conformance	Module conformance consumes compact explicit compiler bindings; the independent implementation declaration-graph compiler and recursive structural comparator are absent, and no native fallback can answer a binding request.	Conformance architecture	G5	qualified	Package and module boundaries	conformance/.spec/architecture.md;conformance/.spec/laws/qualification.ts;analysis/binding/.spec/api.d.ts;application/observation/.spec/architecture.md	compiler/application-binding.ts;conformance/module/profile.ts	__tests__/application-binding.test.ts;__tests__/conformance-v2.test.ts	.history/v2/revisions/V2-REV-029.md
V2-MIG-001	migration	V2 runs only as non-authoritative shadow evidence until the coordinated Gate 5 authority switch.	Migration	G5	qualified	Cutover and recovery	.history/v2/GOVERNANCE.md	qualification/v2/history/evidence.ts	.history/v2/evidence/g0-qualification.md;.history/v2/evidence/g5-qualification.md	-
V2-MIG-002	migration	The authority switch is one clean coordinated cut with one reader and no long-lived runtime flag, dual write, or mixed-generation fallback.	Migration	G5	qualified	Cutover and recovery	.history/v2/GOVERNANCE.md	application/service.ts;cli/application.ts;server/application.ts;workspace/checkpoint/store.ts	__tests__/architecture.test.ts;__tests__/application-checkpoint.test.ts;.history/v2/evidence/g5-qualification.md	.history/v2/revisions/V2-REV-024.md;.history/v2/revisions/V2-REV-027.md
V2-MIG-003	migration	Authoring changes are contract-first, regression-tested, mechanically migrated across the complete corpus, and followed by negative scans.	Migration	G3	qualified	Gate 3: specification compiler and language audit	.history/v2/GOVERNANCE.md	scripts/check-legacy-anchors.ts;qualification/v2/history/evidence.ts	.history/v2/evidence/specification-audit.json;.history/v2/evidence/g3-qualification.md	.history/v2/revisions/V2-REV-012.md;.history/v2/revisions/V2-REV-014.md
V2-MIG-004	migration	All package, CLI, CI, server, watcher, cache, viewer, editing, reveal, verification, and repository consumers migrate before cutover.	Migration	G5	qualified	Gate 5: application cut	application/.spec/api.d.ts;workspace/.spec/api.d.ts	cli/application.ts;cli/run.ts;server/application.ts;server/live-plugin.ts;server/application-catalog.ts;server/application-operations.ts;server/catalog-checkpoint.ts;viewer-host/specification.ts	__tests__/cli-v2.test.ts;__tests__/dev.test.ts;__tests__/catalog-transport.test.ts;__tests__/package.test.ts;.history/v2/evidence/g5-qualification.md	.history/v2/revisions/V2-REV-024.md;.history/v2/revisions/V2-REV-027.md
V2-MIG-005	migration	manifest-v1, LegacySpecification, SPEC.yml readers, TSV readers, profile branches, fixtures, viewer branches, and compatibility helpers are deleted completely.	Migration	G5	qualified	Legacy deletion	.history/v2/GOVERNANCE.md	scripts/check-legacy-anchors.ts;scripts/check-v1-removal.ts	__tests__/architecture.test.ts;.history/v2/evidence/g5-qualification.md	.history/v2/revisions/V2-REV-024.md
V2-MIG-006	migration	No legacy semantic archive adapter, runtime compatibility mode, ordinary-load converter, or deprecated forwarding export survives cutover; the old authoring package spelling may remain only as inert parsed source syntax until downstream package-name migration completes.	Migration	G5	qualified	Legacy deletion	.history/v2/GOVERNANCE.md	specification/module/authoring-syntax.ts;scripts/check-v1-removal.ts	__tests__/application-v2.test.ts;.history/v2/evidence/g5-qualification.md	.history/v2/revisions/V2-REV-024.md
V2-MIG-007	migration	Rollback uses source-control revert plus regenerable-cache removal rather than a second live authority.	Migration	G5	qualified	Cutover and recovery	.history/v2/GOVERNANCE.md;workspace/checkpoint/.spec/architecture.md	cache/file-store.ts;application/node/service.ts;workspace/checkpoint/store.ts	__tests__/workspace-checkpoint.test.ts;.history/v2/evidence/g5-qualification.md	.history/v2/revisions/V2-REV-024.md;.history/v2/revisions/V2-REV-027.md
V2-SEC-001	security	Repository and .spec sources are untrusted parsed data and are never executed by analysis or specification compilation.	Trust boundary	G2	qualified	Trust and safety boundaries	analysis/.spec/architecture.md;repository/.spec/api.d.ts	repository/index.ts;analysis/typescript/native/extract.go	__tests__/analysis-v2.test.ts;.history/v2/evidence/g2-reviews.md	-
V2-SEC-002	security	Native and portable executable extensions are installed and selected by the invoking tool; repository configuration cannot auto-load code.	Trust boundary	G2	qualified	Trust and safety boundaries	analysis/protocol/.spec/api.d.ts;analysis/pass/.spec/api.d.ts;analysis/policy/.spec/api.d.ts	analysis/protocol/process-session.ts;analysis/pass/runner.ts;analysis/policy/run.ts	__tests__/analysis-v2.test.ts;.history/v2/evidence/g2-reviews.md	-
V2-SEC-003	security	Native protocol messages, persisted payloads, paths, capabilities, and source coordinates are validated at their trust boundary.	Trust boundary	G2	qualified	Trust and safety boundaries	analysis/protocol/.spec/api.d.ts;analysis/facts/.spec/api.d.ts	analysis/protocol/process-session.ts;analysis/internal/state.ts;analysis/identity/model.ts	__tests__/analysis-v2.test.ts;.history/v2/evidence/g2-reviews.md	-
V2-SEC-004	security	Source display and edits prove application generation and source digest equality; stale generation or revision requests fail explicitly.	Trust boundary	G5	qualified	Trust and safety boundaries	repository/source/.spec/api.d.ts;application/interaction/.spec/api.d.ts	repository/source/service.ts;application/interaction/editing.ts;application/interaction/reveal.ts	__tests__/analysis-v2.test.ts;__tests__/dev.test.ts;.history/v2/evidence/g5-qualification.md	.history/v2/revisions/V2-REV-013.md
V2-SEC-005	security	Analysis facts are evidence and never Kernel authorization or execution input.	Trust boundary	G2	qualified	Trust and safety boundaries	analysis/.spec/architecture.md;analysis/facts/.spec/api.d.ts	analysis/index.ts;analysis/facts/model.ts	__tests__/analysis-v2.test.ts;.history/v2/evidence/g2-reviews.md	-
V2-QLF-001	qualification	Gate 0 preserves immutable content-addressed historical transports, diagnostics, profiles, consumers, checks, and performance evidence from one revision; executable V1 capture is retired after the authority cut.	Qualification	G0	qualified	Gate 0: frozen V1 evidence	.history/adr/typespec-v2.md;.history/v2/GOVERNANCE.md	qualification/v2/history/evidence.ts	.history/v2/evidence/v1-oracle.json;.history/v2/evidence/v1-cli.json;.history/v2/evidence/v1-performance.json;.history/v2/evidence/g0-qualification.md	.history/v2/revisions/V2-REV-012.md;.history/v2/revisions/V2-REV-014.md
V2-QLF-002	qualification	Gate 1 proves aliases, barrels, spelling collisions, callbacks, helpers, value states, monorepos, edits, and native packaging against exact ttsc.	Qualification	G1	qualified	Gate 1: substrate qualification	.history/adr/typespec-v2.md	qualification/v2/ttsc/qualify.ts	.history/v2/evidence/g1-qualification.md;.history/v2/evidence/ttsc-qualification.json	.history/v2/revisions/V2-REV-010.md
V2-QLF-003	qualification	Every incremental generation is differentially equal to a cold full-build oracle after normalizing non-semantic commit metadata.	Qualification	G2	qualified	Required implementation evidence	.history/adr/typespec-v2.md	analysis/typescript/pipeline.ts;analysis/typescript/native/session.go;analysis/typescript/universe-transaction.ts;application/service.ts	__tests__/application-qualification-incremental.test.ts;__tests__/repository-statistics-incremental.test.ts;qualification/v2/ttsc/qualify.ts;.history/v2/evidence/ttsc-qualification.json	.history/v2/revisions/V2-REV-010.md;.history/v2/revisions/V2-REV-016.md;.history/v2/revisions/V2-REV-027.md
V2-QLF-004	qualification	Memory and SQLite pass identical transactional suites plus crash, corruption, migration, stale-base, rollback, and isolation tests.	Qualification	G4	qualified	Required implementation evidence	analysis/sqlite/.spec/laws/materialization.ts	analysis/memory/store.ts;analysis/sqlite/store.ts	__tests__/analysis-v2.test.ts;qualification/v2/materialization/qualify.ts;.history/v2/evidence/sqlite-qualification.json	.history/v2/revisions/V2-REV-008.md
V2-QLF-005	qualification	All authoring consumers typecheck and published-package installation tests pass.	Qualification	G5	qualified	Required implementation evidence	package.json	qualification/v2/release/packed-consumer.mjs	__tests__/package.test.ts;.history/v2/evidence/g5-qualification.md	.history/v2/revisions/V2-REV-024.md
V2-QLF-006	qualification	Interactive and CI heap caps remain enforced and unaffected compiler universes, portable passes, or immutable fact shards are not reloaded or rewritten; ordinary pages do not perform unrequested count-only scans or hydrate unselected sibling payloads.	Qualification	G6	qualified	Required implementation evidence	application/.spec/limits.ts;application/.spec/benchmarks/performance.ts;analysis/pass/.spec/api.d.ts;analysis/query/.spec/laws/hydration.ts;analysis/typescript/.spec/laws/semantics.ts;analysis/sqlite/.spec/laws/materialization.ts;workspace/checkpoint/.spec/architecture.md	application/limits.ts;application/observation/materialize.ts;repository/statistics/incremental.ts;workspace/checkpoint/store.ts;analysis/typescript/pipeline.ts;analysis/typescript/native/session.go;analysis/typescript/native/incremental_projection.go;analysis/pass/runner.ts;analysis/sqlite/query/pinned.ts;analysis/sqlite/materialization/validate.ts;analysis/sqlite/store.ts;analysis/sqlite/limits.ts	__tests__/analysis-v2.test.ts;__tests__/application-checkpoint.test.ts;__tests__/application-qualification-incremental.test.ts;__tests__/workspace-checkpoint.test.ts;qualification/v2/experiments/affected-shards.ts;qualification/v2/experiments/affected-project.ts;.history/v2/evidence/affected-shard-qualification.json;.history/v2/evidence/g6-qualification.md	.history/v2/revisions/V2-REV-013.md;.history/v2/revisions/V2-REV-016.md;.history/v2/revisions/V2-REV-017.md;.history/v2/revisions/V2-REV-018.md;.history/v2/revisions/V2-REV-019.md;.history/v2/revisions/V2-REV-020.md;.history/v2/revisions/V2-REV-021.md;.history/v2/revisions/V2-REV-023.md;.history/v2/revisions/V2-REV-025.md;.history/v2/revisions/V2-REV-027.md
V2-QLF-007	qualification	Cold full-application duration is recorded as a diagnostic reference while isolated causal cold comparison and warm, focused, affected-edit, SQLite-size, native-startup, whole-process RSS, and evaluator limits require measured qualification before authority switch.	Qualification	G5	qualified	Required implementation evidence	application/.spec/limits.ts;application/.spec/benchmarks/performance.ts;analysis/typescript/value/.spec/api.d.ts	application/limits.ts;analysis/typescript/value/limits.ts;qualification/v2/application/qualify.ts;application/service.ts	__tests__/analysis-v2.test.ts;__tests__/application-checkpoint.test.ts;__tests__/application-qualification-incremental.test.ts;.history/v2/evidence/affected-shard-qualification.json;.history/v2/evidence/g5-application.json.diagnostic.json;.history/v2/evidence/g5-qualification.md	.history/v2/revisions/V2-REV-013.md;.history/v2/revisions/V2-REV-024.md;.history/v2/revisions/V2-REV-027.md
V2-QLF-008	qualification	An SDK-like extension proves canonical builder identity, collision rejection, callback bodies, bounded forwarding, provenance, all value states, relocated-root identity, SQLite reopen, and incremental/cold equality using only public package subpaths.	Qualification	G6	qualified	Gate 6: extension proof and V1 removal proof	.history/adr/typespec-v2.md	qualification/v2/extension/consumer/pass.ts;qualification/v2/extension/consumer/policy.ts	qualification/v2/extension/qualify.ts;qualification/v2/extension/tsconfig.json;.history/v2/evidence/sdk-extension-qualification.json	-
V2-QLF-009	qualification	Codegraph and every Kernel universe are self-analyzed at maximal requested depth; suspicious facts are audited, while complete Codegraph and representative richest-Kernel persistence combine with generic store and incremental/cold oracles instead of repeating every universe through every backend.	Qualification	G6	qualified	Required review passes	.history/v2/evidence/g6-qualification.md	qualification/v2/self-host/analyze.ts;qualification/v2/self-host/qualify.ts;application/service.ts;workspace/checkpoint/store.ts	__tests__/application-change.test.ts;__tests__/application-checkpoint.test.ts;__tests__/application-qualification-incremental.test.ts;__tests__/repository-statistics-incremental.test.ts;__tests__/workspace-checkpoint.test.ts;.history/v2/evidence/g6-qualification.md;.history/v2/evidence/sqlite-qualification.json;.history/v2/evidence/affected-shard-qualification.json	.history/v2/revisions/V2-REV-012.md;.history/v2/revisions/V2-REV-025.md;.history/v2/revisions/V2-REV-026.md;.history/v2/revisions/V2-REV-027.md
V2-QLF-010	qualification	V1 symbols, legacy branches, obsolete exports, duplicate readers, forbidden imports, unproven absence, and absolute-path identity leaks have zero active occurrences.	Qualification	G6	qualified	Gate 6: extension proof and V1 removal proof	.history/v2/GOVERNANCE.md	scripts/check-v1-removal.ts;scripts/check-legacy-anchors.ts	.history/v2/evidence/g6-qualification.md	.history/v2/revisions/V2-REV-024.md
V2-QLF-011	qualification	Historical parity is observational: every recorded V2 difference remains tracked and justified, genuine predecessor defects are corrected against ratified contracts with regression evidence, and generic historical comparisons fail on unexplained drift.	Qualification	G4	qualified	Gate 4: conformance and materialization parity	.history/v2/GOVERNANCE.md	qualification/v2/history/evidence.ts	__tests__/conformance-v2.test.ts;.history/v2/evidence/g4-conformance.json;.history/v2/evidence/g4-module-parity.json;.history/v2/evidence/g4-reviews.md	.history/v2/revisions/V2-REV-002.md;.history/v2/revisions/V2-REV-007.md;.history/v2/revisions/V2-REV-009.md;.history/v2/revisions/V2-REV-012.md;.history/v2/revisions/V2-REV-014.md
